[
    {
        "id": "4371e099eeec197e",
        "type": "tab",
        "label": "Flow 5",
        "disabled": false,
        "info": "",
        "env": []
    },
    {
        "id": "887af8cfe5715a42",
        "type": "debug",
        "z": "4371e099eeec197e",
        "name": "Entrada de audio",
        "active": true,
        "tosidebar": true,
        "console": false,
        "tostatus": false,
        "complete": "payload",
        "targetType": "msg",
        "statusVal": "",
        "statusType": "auto",
        "x": 430,
        "y": 80,
        "wires": []
    },
    {
        "id": "7eca5466081c54a8",
        "type": "watson-assistant-v2",
        "z": "4371e099eeec197e",
        "name": "",
        "service-endpoint": "https://api.au-syd.assistant.watson.cloud.ibm.com/instances/d4f49e2d-80f5-4dda-9a2c-9264c9d8456b",
        "assistant_id": "56a050d2-e4da-440d-b027-f2ec92bccfd6",
        "debug": false,
        "restart": false,
        "return_context": true,
        "alternate_intents": false,
        "multisession": true,
        "timeout": "",
        "optout-learning": false,
        "persist-session-id": false,
        "x": 850,
        "y": 380,
        "wires": [
            [
                "e9bfa196b8069de2",
                "a52514b970a8c197"
            ]
        ]
    },
    {
        "id": "e9bfa196b8069de2",
        "type": "debug",
        "z": "4371e099eeec197e",
        "name": "Retorno WA",
        "active": true,
        "tosidebar": true,
        "console": false,
        "tostatus": false,
        "complete": "payload.context",
        "targetType": "msg",
        "statusVal": "",
        "statusType": "auto",
        "x": 1070,
        "y": 300,
        "wires": []
    },
    {
        "id": "b3a44edef19785c4",
        "type": "telegram receiver",
        "z": "4371e099eeec197e",
        "name": "",
        "bot": "d393cceba62eb593",
        "saveDataDir": "",
        "filterCommands": false,
        "x": 150,
        "y": 160,
        "wires": [
            [
                "887af8cfe5715a42",
                "3e8478402947262c"
            ],
            [
                "4727e4e70475e9da"
            ]
        ]
    },
    {
        "id": "4baed1f9ac3e424f",
        "type": "telegram sender",
        "z": "4371e099eeec197e",
        "name": "",
        "bot": "d393cceba62eb593",
        "haserroroutput": false,
        "outputs": 1,
        "x": 1390,
        "y": 600,
        "wires": [
            []
        ]
    },
    {
        "id": "6b5bb79e76b12ffc",
        "type": "watson-speech-to-text",
        "z": "4371e099eeec197e",
        "name": "Watson STT",
        "alternatives": 1,
        "speakerlabels": true,
        "smartformatting": false,
        "lang": "",
        "langhidden": "",
        "langcustom": "",
        "langcustomhidden": "",
        "custom-weight": "0.5",
        "band": "",
        "bandhidden": "",
        "keywords": "",
        "keywords-threshold": "0.5",
        "word-confidence": false,
        "password": "",
        "apikey": "QTg4lkq1NueYWtEJhnG73ewjtoCOIfWDSsVg0PnIg_pv",
        "payload-response": true,
        "streaming-mode": false,
        "streaming-mute": true,
        "auto-connect": false,
        "discard-listening": false,
        "disable-precheck": false,
        "service-endpoint": "https://api.au-syd.assistant.watson.cloud.ibm.com/v2/assistants/56a050d2-e4da-440d-b027-f2ec92bccfd6/sessions",
        "x": 670,
        "y": 200,
        "wires": [
            [
                "74b7144f8c36f443"
            ]
        ]
    },
    {
        "id": "b584e98e3c04852b",
        "type": "watson-translator",
        "z": "4371e099eeec197e",
        "name": "",
        "action": "translate",
        "basemodel": "",
        "domain": "news",
        "srclang": "en",
        "destlang": "fr",
        "apikey": "Q3zhjkNey1d_AIUBN-CvXEJTWPX6sf5uFeddHk6UG5AJ",
        "custom": "",
        "domainhidden": "",
        "srclanghidden": "",
        "destlanghidden": "",
        "basemodelhidden": "",
        "customhidden": "",
        "filetype": "forcedglossary",
        "trainid": "",
        "lgparams2": true,
        "service-endpoint": "https://api.au-syd.language-translator.watson.cloud.ibm.com/instances/7e5d8f6a-d3cd-46d3-ac12-80791fee83d6",
        "x": 1230,
        "y": 520,
        "wires": [
            [
                "4baed1f9ac3e424f"
            ]
        ]
    },
    {
        "id": "1275ecae0a3a3a13",
        "type": "function",
        "z": "4371e099eeec197e",
        "name": "ProcIN WA",
        "func": "msg.params = {};\nmsg.params.session_id = msg.payload.chatId;\nmsg.payload = msg.payload.content;\nreturn msg;",
        "outputs": 1,
        "noerr": 0,
        "initialize": "",
        "finalize": "",
        "libs": [],
        "x": 490,
        "y": 260,
        "wires": [
            [
                "7eca5466081c54a8"
            ]
        ]
    },
    {
        "id": "8249cda79f6e1806",
        "type": "function",
        "z": "4371e099eeec197e",
        "name": "ProcOut ",
        "func": "msg.params = msg.payload.chatId;\nreturn msg;",
        "outputs": 1,
        "noerr": 0,
        "initialize": "",
        "finalize": "",
        "libs": [],
        "x": 1180,
        "y": 600,
        "wires": [
            [
                "4baed1f9ac3e424f"
            ]
        ]
    },
    {
        "id": "3e8478402947262c",
        "type": "switch",
        "z": "4371e099eeec197e",
        "name": "",
        "property": "payload",
        "propertyType": "msg",
        "rules": [
            {
                "t": "eq",
                "v": "",
                "vt": "str"
            },
            {
                "t": "eq",
                "v": "",
                "vt": "str"
            }
        ],
        "checkall": "true",
        "repair": false,
        "outputs": 2,
        "x": 330,
        "y": 240,
        "wires": [
            [
                "c88f776fd2ad809f"
            ],
            [
                "1275ecae0a3a3a13"
            ]
        ]
    },
    {
        "id": "5d4e3f22e67f069f",
        "type": "debug",
        "z": "4371e099eeec197e",
        "name": "Retorno STT",
        "active": true,
        "tosidebar": true,
        "console": false,
        "tostatus": false,
        "complete": "payload",
        "targetType": "msg",
        "statusVal": "",
        "statusType": "auto",
        "x": 690,
        "y": 140,
        "wires": []
    },
    {
        "id": "b1fb81f7aee2e6ce",
        "type": "switch",
        "z": "4371e099eeec197e",
        "name": "",
        "property": "payload.context.skills['main skill'].user.defined.idioma_contexto",
        "propertyType": "msg",
        "rules": [
            {
                "t": "eq",
                "v": "Portugues ",
                "vt": "str"
            },
            {
                "t": "eq",
                "v": "Ingles",
                "vt": "str"
            }
        ],
        "checkall": "true",
        "repair": false,
        "outputs": 2,
        "x": 1010,
        "y": 580,
        "wires": [
            [
                "b584e98e3c04852b",
                "dd0dd422c6838649"
            ],
            [
                "8249cda79f6e1806"
            ]
        ]
    },
    {
        "id": "dd0dd422c6838649",
        "type": "debug",
        "z": "4371e099eeec197e",
        "name": "Retorno Swicth",
        "active": true,
        "tosidebar": true,
        "console": false,
        "tostatus": false,
        "complete": "payload",
        "targetType": "msg",
        "statusVal": "",
        "statusType": "auto",
        "x": 1220,
        "y": 440,
        "wires": []
    },
    {
        "id": "c88f776fd2ad809f",
        "type": "function",
        "z": "4371e099eeec197e",
        "name": "Proc Entrada",
        "func": "msg.params = msg.payload.chatId;\nmsg.payload = msg.payload.weblink;\nreturn msg;",
        "outputs": 1,
        "noerr": 0,
        "initialize": "",
        "finalize": "",
        "libs": [],
        "x": 490,
        "y": 200,
        "wires": [
            [
                "6b5bb79e76b12ffc",
                "5d4e3f22e67f069f"
            ]
        ]
    },
    {
        "id": "06df606d9d348028",
        "type": "watson-speech-to-text",
        "z": "4371e099eeec197e",
        "name": "",
        "alternatives": 1,
        "speakerlabels": true,
        "smartformatting": false,
        "lang": "",
        "langhidden": "",
        "langcustom": "",
        "langcustomhidden": "",
        "custom-weight": "0.5",
        "band": "",
        "bandhidden": "",
        "keywords": "",
        "keywords-threshold": "0.5",
        "word-confidence": false,
        "password": "",
        "apikey": "",
        "payload-response": false,
        "streaming-mode": false,
        "streaming-mute": true,
        "auto-connect": false,
        "discard-listening": false,
        "disable-precheck": false,
        "service-endpoint": "",
        "x": 520,
        "y": 420,
        "wires": [
            []
        ]
    },
    {
        "id": "74b7144f8c36f443",
        "type": "function",
        "z": "4371e099eeec197e",
        "name": "Proc Out STT",
        "func": "msg.payload = {\n    chatId: msg.params,\n    content : msg.payload,\n    type: 'message'\n}\nreturn msg;",
        "outputs": 1,
        "noerr": 0,
        "initialize": "",
        "finalize": "",
        "libs": [],
        "x": 780,
        "y": 280,
        "wires": [
            [
                "7eca5466081c54a8"
            ]
        ]
    },
    {
        "id": "a52514b970a8c197",
        "type": "function",
        "z": "4371e099eeec197e",
        "name": "ProcOUT WA",
        "func": "msg.payload = msg.payload.output.generic[0].text;\nreturn msg;",
        "outputs": 1,
        "noerr": 0,
        "initialize": "",
        "finalize": "",
        "libs": [],
        "x": 900,
        "y": 500,
        "wires": [
            [
                "b1fb81f7aee2e6ce"
            ]
        ]
    },
    {
        "id": "4727e4e70475e9da",
        "type": "function",
        "z": "4371e099eeec197e",
        "name": "Acesso não autorizado",
        "func": "msg.payload.content = \"Úsuario sem permissão de acesso\"\nreturn msg;",
        "outputs": 1,
        "noerr": 0,
        "initialize": "",
        "finalize": "",
        "libs": [],
        "x": 320,
        "y": 340,
        "wires": [
            []
        ]
    },
    {
        "id": "d393cceba62eb593",
        "type": "telegram bot",
        "botname": "prova20022003bot",
        "usernames": "",
        "chatids": "5106589779",
        "baseapiurl": "",
        "updatemode": "polling",
        "pollinterval": "300",
        "usesocks": false,
        "sockshost": "",
        "socksprotocol": "socks5",
        "socksport": "6667",
        "socksusername": "anonymous",
        "sockspassword": "",
        "bothost": "",
        "botpath": "",
        "localbotport": "8443",
        "publicbotport": "8443",
        "privatekey": "",
        "certificate": "",
        "useselfsignedcertificate": false,
        "sslterminated": false,
        "verboselogging": false
    }
]